Query più frequenti,Clic,Impressioni,CTR,Posizione
reservas kalawala,113,286,39.51%,1.02
kalawala puerto viejo,100,422,23.7%,1.04
kalawala,43,793,5.42%,4.07
mepe bus costa rica,23,1503,1.53%,6.97
mepe bus,15,785,1.91%,5.59
mepe puerto viejo,14,1491,0.94%,8.39
mepe,13,1828,0.71%,6.42
transportes mepe,9,672,1.34%,5.13
mepe bus schedule puerto viejo,8,320,2.5%,5.58
mepe horarios,7,1568,0.45%,7.81
clima puerto viejo limon,6,2963,0.2%,8.43
refugio nacional gandoca-manzanillo,5,370,1.35%,11.28
buses a puerto viejo,5,365,1.37%,8.75
bus from puerto viejo to cahuita,5,75,6.67%,6.36
mepe bus schedule puerto viejo to san jose,5,62,8.06%,6.87
puerto viejo bus schedule,5,60,8.33%,4.02
casa rana,5,21,23.81%,4.48
clima en puerto viejo limon,4,1959,0.2%,8.36
mepe bus schedule,4,201,1.99%,5.13
buses puerto viejo limon,4,199,2.01%,7.19
como esta el clima en limon,4,63,6.35%,2.24
puerto viejo costa rica,3,809,0.37%,2.55
buses mepe,3,658,0.46%,6.77
gandoca manzanillo,3,372,0.81%,12.95
bus puerto viejo san jose,3,366,0.82%,9.64
mepe buses,3,342,0.88%,5.91
horario de buses mepe limón,3,300,1%,4.68
horarios mepe san jose puerto viejo,3,164,1.83%,6.55
bus cahuita puerto viejo,3,144,2.08%,8.08
refugio nacional gandoca manzanillo,3,108,2.78%,18.85
mepe horarios puerto viejo san josé,3,83,3.61%,6.88
mepe costa rica bus schedule,3,22,13.64%,5.95
clima puerto viejo,2,2876,0.07%,9.97
cahuita national park,2,310,0.65%,37.69
buses a puerto viejo limon,2,251,0.8%,9.63
mepe san jose puerto viejo,2,244,0.82%,8.99
mepe horarios puerto viejo,2,220,0.91%,9
transporte mepe,2,209,0.96%,5.44
puerto viejo to san jose bus,2,208,0.96%,9.36
bus puerto viejo cahuita,2,194,1.03%,7.75
puerto viejo to san jose,2,191,1.05%,16.7
horarios mepe,2,171,1.17%,9.01
horario buses mepe,2,170,1.18%,8.28
autotransportes mepe,2,164,1.22%,9.12
villas coral puerto viejo,2,144,1.39%,3.01
bus san jose to puerto viejo,2,135,1.48%,11.59
mepe bus puerto viejo san jose,2,120,1.67%,8.62
puerto viejo costa rica clima,2,101,1.98%,9.73
bus puerto viejo to cahuita,2,78,2.56%,6.76
bribri indigenous reserve,2,68,2.94%,6.75
clima en limon costa rica,2,54,3.7%,2.2
bus schedule,2,54,3.7%,7.07
casa areka,2,46,4.35%,9.22
bus puerto viejo a san jose,2,24,8.33%,9.17
clima en puerto viejo en mayo,2,19,10.53%,4.42
clima puerto viejo mayo,2,17,11.76%,3.88
horarios de buses puerto viejo,2,11,18.18%,8
casa giulia,2,8,25%,2.38
kalawana villas,2,3,66.67%,1.33
clima en puerto viejo,1,1353,0.07%,9.88
clima en limón puerto viejo,1,1238,0.08%,10.16
puerto viejo,1,1028,0.1%,3.73
buses puerto viejo san jose,1,409,0.24%,10.14
mepe costa rica,1,367,0.27%,7.4
mepe san jose,1,344,0.29%,7.76
mepe puerto viejo san jose,1,283,0.35%,9.32
buses puerto viejo,1,267,0.37%,8.47
puerto viejo limon clima,1,247,0.4%,8.6
bus puerto viejo to san jose,1,234,0.43%,8.5
horario de buses puerto viejo limón,1,229,0.44%,6.17
bus from puerto viejo to san jose,1,224,0.45%,8.35
costa rica bus schedule,1,212,0.47%,11.31
clima de puerto viejo limon,1,194,0.52%,8.42
san jose to puerto viejo bus,1,161,0.62%,11.33
san jose to puerto viejo,1,157,0.64%,23.32
bus from san jose to puerto viejo,1,149,0.67%,15.28
mepe bus san jose to puerto viejo,1,148,0.68%,9.26
mepe horarios san josé puerto viejo,1,147,0.68%,7.27
mepe puerto viejo to san jose,1,147,0.68%,7.86
clima en puerto viejo limón,1,145,0.69%,9.5
puerto viejo san jose bus,1,144,0.69%,9.26
transportes mepe horarios,1,142,0.7%,8.66
clima en puerto viejo costa rica,1,138,0.72%,9.91
buses mepe horarios,1,135,0.74%,7.86
bus puerto viejo limon,1,114,0.88%,6.39
bus puerto viejo,1,112,0.89%,7.64
puerto viejo bus,1,111,0.9%,7.3
puerto viejo buses,1,106,0.94%,7.25
clima en limon,1,103,0.97%,2.18
bus limon puerto viejo,1,95,1.05%,8.28
mepe san jose to puerto viejo,1,92,1.09%,9.3
manzanillo national park,1,78,1.28%,13.46
mepe bus puerto viejo to san jose,1,72,1.39%,7.85
puerto viejo to cahuita bus,1,72,1.39%,8.14
horario buses limon puerto viejo,1,70,1.43%,7.09
horarios buses mepe,1,70,1.43%,8.81
puerto viejo cahuita bus,1,69,1.45%,7.91
gandoca manzanillo costa rica,1,69,1.45%,15.65
puerto viejo de talamanca tiempo,1,68,1.47%,5.65
bus mepe san jose puerto viejo,1,64,1.56%,7.23
horario mepe puerto viejo limon,1,55,1.82%,7.78
buses mepe san jose puerto viejo,1,52,1.92%,7.5
manzanillo wildlife refuge,1,50,2%,14.22
kekoldi indigenous reserve,1,49,2.04%,12
villa mar,1,45,2.22%,3.76
casa coral puerto viejo,1,43,2.33%,7.7
clima en puerto viejo limon costa rica,1,42,2.38%,9.6
pronóstico del tiempo puerto viejo limón,1,42,2.38%,11.07
horario buses san jose puerto viejo,1,41,2.44%,8.85
clima caribe sur costa rica,1,39,2.56%,8.77
manzanillo como llegar,1,38,2.63%,7.45
puerto viejo limón como llegar,1,38,2.63%,9.08
mepe bus puerto viejo to cahuita,1,36,2.78%,6.72
horario bus mepe,1,34,2.94%,8.5
mepe bus san jose,1,33,3.03%,7.94
limon puerto viejo bus,1,33,3.03%,8.39
horario de buses san jose puerto viejo limon,1,32,3.12%,8.53
villa coral,1,28,3.57%,5.25
horarios de mepe,1,28,3.57%,9.36
best time to go to puerto viejo costa rica,1,26,3.85%,6.58
horario mepe puerto viejo san jose,1,25,4%,6.8
puerto viejo a san jose bus,1,25,4%,9.32
casa tucano,1,24,4.17%,4.88
buses from san jose to puerto viejo,1,21,4.76%,11.76
reserva manzanillo,1,20,5%,9.6
horario de buses de mepe,1,17,5.88%,6.88
puerto viejo a manzanillo,1,17,5.88%,9
tiempo en puerto viejo costa rica,1,16,6.25%,4.25
manzanillo parque nacional,1,16,6.25%,7.88
buses mepe puerto viejo san jose,1,15,6.67%,9.47
si,1,14,7.14%,3.71
parque nacional manzanillo,1,14,7.14%,13.43
mepe bus schedule san jose to puerto viejo,1,12,8.33%,6.75
casa geco,1,12,8.33%,6.83
clima puerto viejo abril,1,9,11.11%,3.78
yes,1,9,11.11%,7.22
san jose to cahuita bus,1,9,11.11%,18.67
puerto viejo talamanca clima,1,8,12.5%,7.88
cultura de talamanca,1,3,33.33%,7
domingo,1,2,50%,2
coral villa,1,2,50%,5.5
villas puerto viejo,1,2,50%,10.5
casa gulia,1,1,100%,1
public bus,1,1,100%,3
parque nacional cahuita fotos,1,1,100%,4
viaje en autobús,1,1,100%,6
visita,1,1,100%,9
limon puerto viejo,0,310,0%,10.9
flights to puerto viejo,0,288,0%,11.55
best time to visit puerto viejo costa rica,0,229,0%,7.55
horario de buses mepe puerto viejo limón,0,223,0%,5.83
puerto viejo clima,0,215,0%,8.53
clima puerto viejo costa rica,0,215,0%,10.28
puerto viejo san jose,0,202,0%,11.07
puerto viejo limón,0,196,0%,10.32
horario de buses puerto viejo,0,195,0%,8.75
puerto viejo como llegar,0,187,0%,4.89
cómo está el clima en puerto viejo limón,0,185,0%,9.61
puerto viejo limon,0,173,0%,8.68
buses de puerto viejo a san jose,0,169,0%,8.68
flights to puerto viejo costa rica,0,165,0%,11.19
san jose to puerto viejo de talamanca,0,161,0%,31.84
puerto viejo flights,0,160,0%,13.19
buses limon puerto viejo,0,157,0%,8.08
bus a puerto viejo,0,157,0%,8.42
san jose puerto viejo bus,0,153,0%,9.5
mepe bus puerto viejo,0,150,0%,7.59
clima en puerto viejo de limón,0,145,0%,9.25
puerto viejo a san jose,0,139,0%,9.1
clima limón puerto viejo,0,139,0%,9.72
transporte mepe horario,0,136,0%,9.03
horario de buses de san josé a puerto viejo limón,0,135,0%,7.57
"clima cerca de limón, puerto viejo de talamanca",0,131,0%,11.24
puerto viejo to cahuita,0,129,0%,9.17
horario mepe,0,127,0%,9.9
horario mepe san jose puerto viejo,0,126,0%,7.19
puerto viejo de talamanca to san jose,0,122,0%,34.56
san jose puerto viejo,0,117,0%,13.27
san jose to puerto viejo de talamanca transfer,0,117,0%,40.36
bus de puerto viejo a san jose,0,114,0%,9.08
bus san jose puerto viejo,0,113,0%,14.28
san jose costa rica to puerto viejo flight,0,108,0%,15.44
bus mepe,0,103,0%,6.03
bus a puerto viejo limon,0,102,0%,8.46
horario de buses mepe,0,101,0%,8.65
buses san jose puerto viejo limon,0,99,0%,10.89
puerto viejo bus station,0,94,0%,8.29
buses de limón a puerto viejo,0,92,0%,8.88
limon a puerto viejo,0,90,0%,9.16
puerto viejo de talamanca to san jose transfer,0,90,0%,54.91
como llegar a puerto viejo,0,89,0%,6.21
clima puerto viejo talamanca,0,88,0%,9.83
clima en puerto viejo en diciembre,0,86,0%,7.26
horario de buses de limón a puerto viejo,0,86,0%,8.13
limón puerto viejo,0,86,0%,9.43
mepe limon,0,83,0%,10.75
puerto viejo de talamanca,0,81,0%,4.9
bus schedule costa rica,0,81,0%,9.22
clima puerto viejo limón,0,81,0%,10.09
buses para puerto viejo,0,81,0%,10.2
cómo está el clima en puerto viejo de limón,0,80,0%,9.8
mepe cahuita,0,79,0%,10.04
playa gandoca,0,79,0%,22.77
mepe puerto viejo limon,0,77,0%,8.44
7285-2592,0,74,0%,7.07
bus to puerto viejo from san jose,0,74,0%,8.15
horario buses puerto viejo san jose,0,74,0%,8.53
clima limon,0,73,0%,2.51
gandoca manzanillo wildlife refuge,0,73,0%,25.38
cahuita national park entrance,0,72,0%,6.04
puerto viejo & cahuita,0,72,0%,9.01
horario de buses limon puerto viejo,0,71,0%,6.92
horario puerto viejo san jose,0,70,0%,8.17
horario de buses mepe san josé,0,69,0%,6.61
horario buses puerto viejo,0,66,0%,8.59
bus de limon a puerto viejo,0,65,0%,8.12
puerto viejo limon buses,0,63,0%,7.75
buses mepe horario,0,62,0%,9.02
como llegar a puerto viejo en bus,0,60,0%,7.57
horario de buses de puerto viejo a san josé,0,60,0%,8.8
transportes mepe san josé,0,59,0%,9.42
mepe bus tickets online,0,59,0%,9.47
gandoca,0,58,0%,14.17
clima en puerto viejo limón hoy,0,57,0%,9.91
una casita de rana,0,57,0%,33.72
villas coral,0,55,0%,5.8
best time to visit puerto viejo,0,53,0%,7.85
horario de buses de puerto viejo,0,53,0%,8.62
refugio gandoca manzanillo,0,53,0%,10.08
como ir de san jose a puerto viejo,0,52,0%,8.98
mepe horarios san josé -- puerto viejo,0,51,0%,7.75
mejor epoca para ir a limon costa rica,0,50,0%,3.7
mepe horarios cahuita,0,48,0%,9.79
gandoca-manzanillo wildlife refuge,0,48,0%,19.54
puerto viejo to san jose transfer,0,47,0%,55.85
buses de mepe,0,46,0%,6.46
buses para puerto viejo limón,0,46,0%,8.35
mepe horario,0,46,0%,9.76
(506)7285-2592,0,45,0%,8.42
san jose to puerto viejo flights,0,45,0%,24.49
gandoca manzanillo national wildlife refuge,0,45,0%,25.71
san josé costa rica to puerto viejo flight,0,44,0%,4.2
bus manzanillo puerto viejo,0,43,0%,8.65
mepe transportes,0,42,0%,6.95
areka rentals,0,42,0%,7.79
mepe buses puerto viejo,0,42,0%,8.02
como llegar a puerto viejo costa rica,0,42,0%,8.45
mepe bus station puerto viejo,0,41,0%,8.78
villas mar,0,41,0%,12.61
bus de san jose a puerto viejo,0,41,0%,12.68
buses san jose puerto viejo,0,41,0%,12.88
refugio nacional de vida silvestre gandoca manzanillo,0,40,0%,11.95
san jose to puerto viejo costa rica,0,40,0%,33.95
san jose costa rica to puerto viejo,0,40,0%,34.38
horario de buses puerto viejo san josé,0,39,0%,8.74
buses de puerto viejo a limon,0,39,0%,8.92
cómo llegar a puerto viejo,0,38,0%,5.39
puerto viejo costa rica como llegar,0,38,0%,6
how to get to puerto viejo costa rica,0,37,0%,26.73
clima en limón hoy,0,36,0%,2.25
como esta el clima en puerto viejo de limon,0,36,0%,8.61
refugio nacional de vida silvestre gandoca-manzanillo,0,35,0%,10.17
el tiempo en puerto viejo,0,35,0%,10.77
puerto viejo a cahuita,0,34,0%,8.47
puerto viejo to limon,0,34,0%,9.32
how to get from san jose to puerto viejo,0,34,0%,28.59
autotransporte mepe,0,33,0%,6.52
distancia de puerto viejo a manzanillo,0,33,0%,9.33
san jose a puerto viejo,0,33,0%,11.06
costa rica bus routes,0,33,0%,18.39
list best hidden beaches near puerto viejo,0,32,0%,10.12
terminal mepe puerto viejo,0,31,0%,8.42
bus mepe horario,0,31,0%,8.68
como llegar de san jose a puerto viejo,0,31,0%,9
villa del mar,0,31,0%,14.1
autotransportes mepe puerto viejo,0,30,0%,7.53
bus from cahuita to puerto viejo,0,30,0%,8.37
refugio manzanillo,0,30,0%,9.47
parque gandoca manzanillo,0,29,0%,8.52
bus cahuita san jose,0,29,0%,10.14
mepe bus puerto viejo to san josé,0,28,0%,8.21
pana bocas express bocas town to puerto viejo departure times afternoon,0,28,0%,9.71
manzanillo gandoca,0,28,0%,10.57
reserva gandoca manzanillo,0,28,0%,11.25
flights to puerto viejo de talamanca,0,28,0%,12.89
autobus san jose puerto viejo,0,28,0%,15.68
bus from san jose to puerto viejo de talamanca,0,27,0%,14.44
flight to puerto viejo costa rica,0,25,0%,6.92
tiempo en puerto viejo limon,0,25,0%,8.88
horario de mepe,0,25,0%,9.32
manzanillo national park costa rica,0,25,0%,10.8
costa rica puerto viejo,0,24,0%,3.38
horarios de buses mepe,0,24,0%,8.67
clima de puerto viejo,0,23,0%,6.96
bus puerto viejo manzanillo,0,23,0%,7.87
horarios de buses de puerto viejo a san josé,0,23,0%,8
puerto viejo costa rica flights,0,23,0%,21.35
puerto viejo de limon,0,22,0%,4.36
cómo está el clima en puerto viejo,0,22,0%,5.41
"el tiempo cerca de limón, puerto viejo de talamanca",0,22,0%,12.86
how to get to puerto viejo,0,22,0%,23.91
gandoca-manzanillo national wildlife refuge,0,22,0%,26.09
puerto viejo de limón,0,21,0%,6.1
cahuita puerto viejo bus,0,21,0%,7.43
horarios de buses mepe puerto viejo limon,0,21,0%,7.67
cómo llegar a manzanillo,0,21,0%,8.38
clima limon puerto viejo,0,21,0%,10.43
how to get to puerto viejo from san jose,0,21,0%,13.33
de san jose a puerto viejo,0,21,0%,13.38
bus from san jose costa rica to puerto viejo,0,21,0%,29.52
limon costa rica,0,20,0%,4.7
verano en limon costa rica,0,20,0%,5.15
cahuita a puerto viejo,0,20,0%,9.35
puerto viejo limón clima,0,20,0%,9.45
clima puerto viejo limon costa rica,0,20,0%,9.9
clima en puerto viejo talamanca,0,20,0%,10.2
limon to puerto viejo,0,20,0%,23.1
clima limon costa rica,0,19,0%,2.84
horario puerto viejo limon,0,19,0%,6.42
puerto viejo rainy season,0,19,0%,7.37
horario manzanillo,0,19,0%,8.11
mepe cr,0,19,0%,8.11
mepe bus schedule san josé to puerto viejo,0,19,0%,8.58
cahuita to puerto viejo bus,0,19,0%,9.53
mepe manzanillo limon,0,19,0%,10.11
bus san jose puerto viejo de talamanca,0,19,0%,14.37
san jose costa rica to puerto viejo bus,0,19,0%,21.89
things to do in limon costa rica,0,18,0%,1
playa puerto viejo,0,18,0%,1.5
clima en puerto viejo hoy,0,18,0%,4.5
horario de buses mepe limón san josé,0,18,0%,7.94
playa gandoca manzanillo,0,18,0%,10.67
how far is puerto viejo from san jose,0,18,0%,20.28
bus san jose a puerto viejo,0,18,0%,20.72
clima puerto viejo limon costa rica hoy,0,17,0%,3.18
best time to visit limon costa rica,0,17,0%,6.12
horario buses manzanillo puerto viejo,0,17,0%,7.59
horario buses mepe puerto viejo san jose,0,16,0%,5.12
clima puerto viejo limon hoy,0,16,0%,5.75
horarios mepe manzanillo san josé,0,16,0%,8.81
horario de buses puerto viejo san jose,0,16,0%,10.31
mepe bus station san jose,0,16,0%,10.5
el tiempo en limón puerto viejo de talamanca,0,16,0%,10.88
buses de san jose a puerto viejo limon,0,16,0%,16.75
areka,0,16,0%,24.56
gandoca manzanillo wildlife refuge costa rica,0,16,0%,27.62
playa gandoca costa rica,0,16,0%,28.75
how far is puerto viejo from san jose costa rica,0,16,0%,30.12
"puerto viejo, costa rica",0,15,0%,2.87
casa plumeria,0,15,0%,7.27
san jose como llegar,0,15,0%,8.93
refugio gandoca,0,15,0%,9.6
san josé puerto viejo,0,15,0%,9.93
tiempo puerto viejo limon,0,15,0%,10.87
san jose to puerto viejo de talamanca bus,0,15,0%,12.8
puerto viejo manzanillo,0,15,0%,15.2
cahuita national park entrance fee,0,15,0%,19.8
kelly creek entrance cahuita,0,14,0%,1
clima puerto viejo hoy,0,14,0%,2.71
puerto viejo clima hoy,0,14,0%,2.71
autobuses mepe,0,14,0%,7.21
villa del mar limon,0,14,0%,7.86
horario mepe limon puerto viejo,0,14,0%,8.71
geco costa rica,0,14,0%,9.21
horario de buses puerto viejo san carlos,0,14,0%,13.14
gandoca-manzanillo,0,14,0%,15
manzanillo wildlife refuge costa rica,0,14,0%,16.5
horario de buses de puerto viejo a limón,0,13,0%,6.15
cahuita nationalpark guide,0,13,0%,7.38
horario de buses san josé puerto viejo,0,13,0%,9.38
mepe limón puerto viejo,0,13,0%,9.62
national park puerto viejo,0,13,0%,9.62
buses puerto viejo a san jose,0,13,0%,9.69
horario manzanillo limon,0,13,0%,10.62
how to get to manzanillo costa rica,0,13,0%,11.92
manzanillo puerto viejo,0,13,0%,17.92
gandoca costa rica,0,13,0%,43.92
san jose to puerto viejo shuttle,0,13,0%,48.15
cahuita national park national park,0,13,0%,64.85
horario de buses,0,12,0%,3.83
parque nacional gandoca manzanillo,0,12,0%,9.25
buses de san jose a puerto viejo,0,12,0%,9.67
bus routes costa rica,0,12,0%,10.17
horario de buses mepe manzanillo limón,0,12,0%,10.67
mepe bus station,0,12,0%,10.92
cahuita to puerto viejo,0,12,0%,11
villa marrakech costa rica,0,12,0%,41.33
shuttle san jose to puerto viejo,0,12,0%,51.42
puerto viejo to san jose airport,0,12,0%,80.17
playa negra limon,0,11,0%,1
puerto viejo costa rica weather,0,11,0%,2.73
puerto limon costa rica,0,11,0%,2.82
cómo llegar a portoviejo,0,11,0%,4.91
coral villas,0,11,0%,6.27
bus from limon to puerto viejo,0,11,0%,8.45
puerto viejo a limon,0,11,0%,9.18
mepe limon manzanillo,0,11,0%,9.36
transporte mepe san jose,0,11,0%,9.73
bus san jose cahuita,0,11,0%,12.91
cahuita national park tickets,0,11,0%,20.55
getting to puerto viejo costa rica,0,11,0%,24.73
kekoldi costa rica,0,11,0%,27.45
hostal cecilia puerto viejo,0,11,0%,28.82
gandoca manzanillo refuge costa rica,0,11,0%,30.18
bribri talamanca,0,11,0%,43.82
punta limon costa rica,0,10,0%,1
what to do in cahuita national park,0,10,0%,2.2
clima puerto viejo costa rica hoy,0,10,0%,2.6
puerto viejo weather,0,10,0%,3.2
los horarios de los buses,0,10,0%,4.4
cahuita national park official hours sinac,0,10,0%,8.1
puerto viejo a sixaola,0,10,0%,8.7
bus san josé puerto viejo caribeños,0,10,0%,8.8
san jose to puerto viejo bus schedule,0,10,0%,8.9
mepe horarios puerto viejo limón,0,10,0%,9
mepe bus san jose to puerto viejo schedule,0,10,0%,9.8
puerto viejo playa,0,10,0%,10.1
mepe bus san josé to puerto viejo,0,10,0%,10.3
refugio gandoca manzanillo costa rica,0,10,0%,15.4
horario de buses costa rica,0,10,0%,17.3
san jose costa rica to puerto viejo de talamanca,0,10,0%,27.3
casa wolaba,0,10,0%,35.6
cahuita,0,10,0%,57.7
indigenous groups in costa rica,0,10,0%,69.8
puertoviejo,0,9,0%,1.11
puerto viejo en costa rica,0,9,0%,1.89
weather in puerto viejo costa rica,0,9,0%,2.44
horario de buses mepe limón cahuita,0,9,0%,6.44
san josé como llegar,0,9,0%,7.56
pronostico del clima puerto viejo limon,0,9,0%,8
buses san josé puerto viejo,0,9,0%,8.78
distancia entre puerto viejo y manzanillo,0,9,0%,8.89
manzanillo refuge,0,9,0%,10
clima hoy en puerto viejo limon,0,9,0%,10.44
real estate puerto viejo,0,9,0%,10.44
clima limón puerto viejo mañana,0,9,0%,12.33
san jose puerto viejo de talamanca,0,9,0%,16.44
puerto viejo to san jose costa rica,0,9,0%,25.89
terminal mepe san jose,0,9,0%,28.22
casa viva lodge,0,9,0%,45.56
puerto viejo airport,0,9,0%,64.89
closest airport to puerto viejo,0,9,0%,71.89
indigenous tribes of costa rica,0,9,0%,80.22
limon costa rica things to do,0,8,0%,1
villas mar puerto viejo,0,8,0%,1.38
costa rica limon,0,8,0%,2.62
mejores meses para ir a puerto viejo,0,8,0%,2.75
puerto viejo de limón costa rica,0,8,0%,3.38
de puerto viejo a san jose,0,8,0%,8.12
kekoldi indigenous reserve costa rica,0,8,0%,8.75
bus para puerto viejo,0,8,0%,9.25
manzanillo park,0,8,0%,10.25
refugio gandoca-manzanillo,0,8,0%,10.25
horario mepe limon sixaola,0,8,0%,11
san jose a puerto viejo costa rica,0,8,0%,26.25
puerto viejo de talamanca vacation rentals,0,8,0%,53.25
things to do in cahuita,0,8,0%,74.5
cahuita national park hours,0,7,0%,1.14
what to do in limon costa rica,0,7,0%,1.14
cahuita national park trail,0,7,0%,1.29
puerto limón tiempo,0,7,0%,2
ja,0,7,0%,2.71
puerto viejo de talamanca costa rica,0,7,0%,5
san josé cómo llegar,0,7,0%,6.29
mepe san josé,0,7,0%,7.14
clima actual puerto viejo limon,0,7,0%,7.29
mepe puerto viejo horarios,0,7,0%,7.29
bribri indigenous community,0,7,0%,7.43
mepe san josé horarios,0,7,0%,7.71
talamanca como llegar,0,7,0%,7.71
talamanca indigenas,0,7,0%,7.86
puerto viejo to manzanillo,0,7,0%,8.29
clima mañana en puerto viejo limon,0,7,0%,8.86
villa del mar limón,0,7,0%,9.43
horario de buses manzanillo limón,0,7,0%,9.86
clima en puerto viejo mañana,0,7,0%,10.14
manzanillo park costa rica,0,7,0%,10.71
refugio de vida silvestre gandoca manzanillo,0,7,0%,16.57
ditsowou,0,7,0%,23.43
la tribu puerto viejo,0,7,0%,25
bribri talamanca costa rica,0,7,0%,26.71
bribri costa rica,0,7,0%,36.14
sjo to puerto viejo,0,7,0%,40
cahuita national park costa rica,0,7,0%,42.29
puerto viejo costa rica airport,0,7,0%,71.86
indigenous people of costa rica,0,7,0%,73.86
indigenous peoples of costa rica,0,7,0%,77.71
playa limon,0,6,0%,1
puerto viejo lima,0,6,0%,1
puerto.viejo costa rica,0,6,0%,1.67
playas de limon,0,6,0%,2.5
cahuita nationalpark,0,6,0%,2.83
limon clima,0,6,0%,3.17
limón costa rica,0,6,0%,3.17
puerto limon,0,6,0%,3.33
punta uva limon,0,6,0%,3.5
cahuita national park animals,0,6,0%,5.33
mar villa,0,6,0%,5.83
clima puerto viejo limon hoy 2026,0,6,0%,6.5
airbnb limón puerto viejo,0,6,0%,7.83
bribri puerto viejo,0,6,0%,7.83
mepe bus to puerto viejo,0,6,0%,7.83
el tiempo en puerto viejo costa rica,0,6,0%,8.33
puerto viejo to san jose costa rica bus,0,6,0%,8.67
horario de buses cahuita limón,0,6,0%,9.67
estado del tiempo en puerto viejo limon,0,6,0%,12.17
calalu puerto viejo,0,6,0%,25
san jose costa rica to puerto viejo costa rica,0,6,0%,35.33
kekoldi,0,6,0%,38.33
casa kala,0,6,0%,40.33
driving from san jose to puerto viejo,0,6,0%,42.5
national park cahuita,0,6,0%,49.67
indigenous tribes costa rica,0,6,0%,53.83
kaluyala,0,6,0%,64
kalawalla,0,5,0%,1
parque nacional limon,0,5,0%,1
playa negra costa rica limón,0,5,0%,1
reserva calaguala,0,5,0%,1.6
puerto viejo panama,0,5,0%,1.8
clima en manzanillo limón,0,5,0%,2
hoteles en puerto viejo limón,0,5,0%,2.2
pronostico del tiempo en limon costa rica,0,5,0%,2.4
tiempo limon costa rica,0,5,0%,2.4
tiempo en puerto viejo,0,5,0%,3
costa rica,0,5,0%,3.6
que hacer en puerto viejo costa rica,0,5,0%,4.4
puerto viejo chile small coastal village,0,5,0%,4.6
puerto viejo talamanca,0,5,0%,4.6
horario de buses a puerto viejo,0,5,0%,5.8
clima actual en puerto viejo limon,0,5,0%,6
puerto viejo best time to visit,0,5,0%,6
temperatura puerto viejo limon,0,5,0%,6
casa gecko,0,5,0%,6.8
san jose a puerto viejo bus,0,5,0%,6.8
puerto viejo to cahuita national park,0,5,0%,8.2
parada mepe san jose,0,5,0%,8.4
horario de manzanillo,0,5,0%,8.6
horario bus puerto viejo san jose,0,5,0%,9
cahuita bus station,0,5,0%,9.4
horario de buses de puerto viejo a la colonia,0,5,0%,9.6
"tiempo de mañana cerca de limón, puerto viejo de talamanca",0,5,0%,9.6
como llegar a la playa el viejo,0,5,0%,9.8
horario buses mepe san jose sixaola,0,5,0%,10
clima hoy puerto viejo limon,0,5,0%,10.8
vuelos a puerto viejo costa rica,0,5,0%,11.4
parque manzanillo,0,5,0%,12.2
puerto viejo from san jose,0,5,0%,14
puerto viejo real estate,0,5,0%,21.6
casa la ranita,0,5,0%,22.8
casa rio puerto viejo,0,5,0%,26
puerto viejo limon costa rica weather,0,5,0%,26.6
la rana de cahuita,0,5,0%,35
terminal mepe,0,5,0%,35.4
la kukula lodge,0,5,0%,46.8
shuttle from san jose to puerto viejo,0,5,0%,49
puerto viejo costa rica to san jose,0,5,0%,52
costa rica indigenous tribes,0,5,0%,66.2
costa rica cahuita national park,0,5,0%,66.4
indigenous groups of costa rica,0,5,0%,70.4
indigenous people in costa rica,0,5,0%,78.6
aerolineas costa rica,0,4,0%,1
dónde queda puerto viejo,0,4,0%,1
playas en limon,0,4,0%,1
porto viejo costa rica,0,4,0%,1
sjo iata,0,4,0%,1
things to do limon costa rica,0,4,0%,1
cahuita national park trails,0,4,0%,1.25
pueblo viejo costa rica,0,4,0%,1.25
puerto vieno,0,4,0%,1.25
puerto.viejo,0,4,0%,1.5
punta viejo,0,4,0%,1.5
clima en limón,0,4,0%,2
clima hoy puerto viejo,0,4,0%,2
distancia de san jose a puerto viejo costa rica,0,4,0%,2
punta uva,0,4,0%,2.25
tiempo en limon costa rica,0,4,0%,2.25
clima de 10 días para puerto viejo de talamanca,0,4,0%,2.5
clima en punta uva,0,4,0%,2.5
puerto viejo cr,0,4,0%,2.5
clima hoy puerto viejo limón costa rica 2026,0,4,0%,2.75
cómo llegar al puerto,0,4,0%,2.75
limon costa rica clima,0,4,0%,2.75
puerto limón costa rica,0,4,0%,2.75
puerto viejo limon costa rica,0,4,0%,3
terminal mepe horarios,0,4,0%,3
tiempo en limon,0,4,0%,3.5
el tiempo puerto viejo,0,4,0%,4
horario de buses de san josé a puerto viejo,0,4,0%,4.25
horarios,0,4,0%,4.25
el tiempo en puerto viejo de talamanca,0,4,0%,4.5
bribri costa rica culture,0,4,0%,5
casa pappagallo,0,4,0%,5
cómo llegar a puerto,0,4,0%,5
tiempo puerto viejo,0,4,0%,5.5
parada de buses puerto viejo limon,0,4,0%,5.75
mepe sixaola limon,0,4,0%,6.25
clima en caribe sur costa rica,0,4,0%,6.5
manzanillo costa rica national park,0,4,0%,6.5
airbnb puerto viejo limon,0,4,0%,6.75
bus de puerto viejo a limon,0,4,0%,7
horario de bus,0,4,0%,7.5
mepe horarios manzanillo,0,4,0%,7.5
buses de puerto viejo a manzanillo,0,4,0%,8
cómo llegar a la playa puerto viejo,0,4,0%,8.25
villa del mar costa rica,0,4,0%,8.5
horario de buses mepe sixaola,0,4,0%,8.75
horario de buses mepe sixaola limón,0,4,0%,9.75
horario mepe sixaola san jose,0,4,0%,9.75
puerto viejo in september,0,4,0%,9.75
horario de buses mepe sixaola san josé,0,4,0%,10.25
cahuita national park guide,0,4,0%,10.75
manzanillo nationalpark,0,4,0%,13.25
bus routes in costa rica,0,4,0%,13.5
puerto bus,0,4,0%,16
horario de buses de puerto viejo a ciudad quesada,0,4,0%,16.75
"what are the available flights to puerto viejo de talamanca, cahuita, limón 
province, costa rica?",0,4,0%,17.25
best way to get to puerto viejo costa rica,0,4,0%,18.5
cómo llegar a san josé,0,4,0%,18.75
horario de buses puerto viejo ciudad quesada,0,4,0%,18.75
bus from san jose to limon costa rica,0,4,0%,20
horarios de buses,0,4,0%,23.75
sixaola limon,0,4,0%,24.5
mepe san josé teléfono,0,4,0%,25.75
puerto viejo costa rica weather by month,0,4,0%,34.5
reservas indigenas costa rica,0,4,0%,34.75
bungalows calalu puerto viejo,0,4,0%,36.5
is cahuita costa rica safe,0,4,0%,42.5
bus from san jose to puerto jimenez,0,4,0%,43.75
8 alta sita bus schedule,0,4,0%,73.75
airport closest to puerto viejo costa rica,0,4,0%,98
downtown puerto viejo,0,3,0%,1
transporte la costa,0,3,0%,1
puerto veijo,0,3,0%,1.33
puerto vieja,0,3,0%,1.33
puerto vieji,0,3,0%,1.33
puerto viejo.,0,3,0%,1.33
clima de limón,0,3,0%,1.67
peurto viejo,0,3,0%,1.67
pueto viejo,0,3,0%,1.67
clima hoy en puerto viejo,0,3,0%,2
playa moin,0,3,0%,2
portoviejo costa rica,0,3,0%,2
temperatura en puerto viejo,0,3,0%,2
clima en limón costa rica,0,3,0%,2.33
como esta el clima en puerto viejo,0,3,0%,2.33
costa rica playa limon,0,3,0%,2.33
pierto viejo,0,3,0%,2.33
puerto viejo temperatura,0,3,0%,2.33
clima en puerto viejo en abril,0,3,0%,2.67
clima punta uva,0,3,0%,2.67
limon clima hoy,0,3,0%,2.67
puerto viejo chile,0,3,0%,2.67
cahuita national park opening hours,0,3,0%,3
casa geko,0,3,0%,3
manzanillo limon,0,3,0%,3
puerto viejo cañete,0,3,0%,3
weather puerto viejo,0,3,0%,3
limon centro costa rica,0,3,0%,3.67
provincia de limon costa rica,0,3,0%,3.67
weather puerto viejo costa rica,0,3,0%,4
villa de mar,0,3,0%,4.33
boleteria mepe puerto viejo,0,3,0%,5
parque manzanillo costa rica,0,3,0%,5
clima hoy puerto viejo limón costa rica,0,3,0%,6.33
parque nacional manzanillo horario,0,3,0%,6.33
airbnb en puerto viejo limón,0,3,0%,6.67
bus to puerto viejo,0,3,0%,7
casa papagallo,0,3,0%,7
bus schedule from,0,3,0%,7.33
como llegar al puerto,0,3,0%,7.33
cómo llegar a talamanca,0,3,0%,7.33
"puerto viejo, limón",0,3,0%,7.67
best time to vi,0,3,0%,8.33
bus from cahuita to san jose,0,3,0%,8.33
casa plumeria costa rica,0,3,0%,8.67
limon,0,3,0%,8.67
puerto viejo to cahuita travel time costa rica,0,3,0%,8.67
best beach in puerto viejo,0,3,0%,9
horario de buses sixaola san jose,0,3,0%,9
how to get to puerto viejo de atacama chile flights,0,3,0%,9
things to do in puerto viejo,0,3,0%,9
things to do in puerto viejo costa rica,0,3,0%,9.33
bus in costa rica,0,3,0%,9.67
how to get to puerto viejo de talamanca by plane,0,3,0%,9.67
mepe sixaola,0,3,0%,9.67
puerto viejo costa rica beaches,0,3,0%,9.67
bus cahuita limon,0,3,0%,10
cahuita puerto viejo,0,3,0%,10
buses de puerto viejo a san josé,0,3,0%,10.33
geco,0,3,0%,10.33
horario buses manzanillo limon,0,3,0%,10.33
local bus schedule,0,3,0%,10.33
mepe sixaola san jose,0,3,0%,10.33
puerto viajo,0,3,0%,10.33
bus san jose sixaola,0,3,0%,10.67
de san jose a puerto viejo costa rica,0,3,0%,11
horario de buses mepe limón sixaola,0,3,0%,11
manzanillo reserve costa rica,0,3,0%,11
puerto viejo weather april,0,3,0%,11.67
reserva indigena talamanca,0,3,0%,11.67
buses a cahuita,0,3,0%,12.33
horario de buses de puerto viejo a san carlos,0,3,0%,12.33
how to get from san jose to puerto viejo de talamanca,0,3,0%,12.33
clima.puerto viejo,0,3,0%,12.67
como llegar a la playa puerto viejo,0,3,0%,13
puerto viejo rental,0,3,0%,13
beaches in puerto viejo,0,3,0%,13.67
horario de buses limón san josé,0,3,0%,14.67
puerto viejo de talamanca weather,0,3,0%,14.67
reserva indigena bribri,0,3,0%,14.67
puerto viejo san carlos,0,3,0%,18
san jose to puerto viejo flight,0,3,0%,18
getting from san jose to puerto viejo,0,3,0%,21.33
horario de buses san josé puerto viejo sarapiquí,0,3,0%,22.67
refugio de vida silvestre gandoca-manzanillo,0,3,0%,23.67
costa rica bus map,0,3,0%,25.33
alloro jungle villas,0,3,0%,27.33
costa rica bus routes map,0,3,0%,34.33
national park cahuita costa rica,0,3,0%,47
villa la chiquita,0,3,0%,55.67
puerto viejo rentals,0,3,0%,57
costa rican indigenous peoples,0,3,0%,65.33
indigenous tribes in costa rica,0,3,0%,65.67
things to do in cahuita costa rica,0,3,0%,74
best coastal towns in costa rica,0,2,0%,1
codigo postal puerto viejo talamanca,0,2,0%,1
donde es puerto viejo,0,2,0%,1
donde queda puerto viejo en costa rica,0,2,0%,1
horario puerto,0,2,0%,1
peuple bribri,0,2,0%,1
peurto viejo costa rica,0,2,0%,1
playa el limon costa rica,0,2,0%,1
playa puerto viejo coveñas,0,2,0%,1
playa puerto viejo limon,0,2,0%,1
playas de puerto viejo limon,0,2,0%,1
playas puerto viejo,0,2,0%,1
puero viejo,0,2,0%,1
puerto biejo,0,2,0%,1
puerto viejo caribe,0,2,0%,1
puerto viejo costarica,0,2,0%,1
puerto viejo donde queda,0,2,0%,1
puerto viejos,0,2,0%,1
san jose puerto viejo de talamanca bus,0,2,0%,1
things to do in limon province costa rica,0,2,0%,1
clima en puerto viejo limon hoy,0,2,0%,2
cómo está el clima en limón,0,2,0%,2
cómo está el clima en limón costa rica,0,2,0%,2
"el tiempo cerca de heredia, puerto viejo",0,2,0%,2
fotos de puerto viejo limón,0,2,0%,2
iguana island turks and caicos,0,2,0%,2
playa bonita limon,0,2,0%,2
playas de limón,0,2,0%,2
puerto viejo costa rico,0,2,0%,2
que hacer en puerto viejo,0,2,0%,2
todo incluido limon,0,2,0%,2
beides,0,2,0%,2.5
bus,0,2,0%,2.5
casas de alquiler en puerto viejo limón,0,2,0%,2.5
clima limon manzanillo,0,2,0%,2.5
clima limón,0,2,0%,2.5
el tiempo en limon costa rica,0,2,0%,2.5
el tiempo en limón,0,2,0%,2.5
los domingos,0,2,0%,2.5
temperatura limon,0,2,0%,2.5
autobús,0,2,0%,3
casa delfín,0,2,0%,3
costa rico,0,2,0%,3
delfin house,0,2,0%,3
mission bay weather,0,2,0%,3
paquetes a puerto viejo,0,2,0%,3
playa en limon,0,2,0%,3
"puerto viejo,",0,2,0%,3
punta uva tiempo,0,2,0%,3
que ver en puerto viejo costa rica,0,2,0%,3
yes.,0,2,0%,3
bribri,0,2,0%,3.5
costa rica puerto viejo de talamanca,0,2,0%,3.5
el tiempo puerto viejo costa rica,0,2,0%,3.5
horarios de bus,0,2,0%,3.5
clima puerto viejo limón costa rica hoy,0,2,0%,4
el limón costa rica,0,2,0%,4
en limon,0,2,0%,4
hone creek limón,0,2,0%,4
hoteles todo incluido en puerto viejo limón,0,2,0%,4
limon costa rica weather,0,2,0%,4
puerto viejo centro,0,2,0%,4
puerto viejo costa rica que hacer,0,2,0%,4
things to do puerto viejo costa rica,0,2,0%,4
clima manzanillo limon,0,2,0%,4.5
donde alojarse en puerto viejo,0,2,0%,4.5
horario,0,2,0%,4.5
pronostico del tiempo limon costa rica,0,2,0%,4.5
puerto viejo heredia,0,2,0%,4.5
airbnb puerto viejo limón,0,2,0%,5
delfin viejo,0,2,0%,5
pappagallo costa rica,0,2,0%,5
puerto viejo de limon costa rica,0,2,0%,5
puerto viejo limón costa rica,0,2,0%,5
que ver en limon costa rica,0,2,0%,5
auto transportes mepe,0,2,0%,6
clima actual puerto viejo limón costa rica hoy,0,2,0%,6
clima puerto viejo julio,0,2,0%,6
mepe bribri,0,2,0%,6
parque de manzanillo,0,2,0%,6
bus san josé - puerto viejo caribeños,0,2,0%,6.5
el horario de los buses,0,2,0%,6.5
how to get to puerto viejo de talamanca,0,2,0%,6.5
kalowala,0,2,0%,6.5
manzanillo distancia,0,2,0%,6.5
gandoca-manzanillo refuge,0,2,0%,7
kala puerto viejo,0,2,0%,7
mepe bus schedule cahuita to puerto viejo,0,2,0%,7
puerto viejo to cahuita travel time,0,2,0%,7
autotransportes mepe san jose,0,2,0%,7.5
buses puerto,0,2,0%,7.5
como llegar a puerto,0,2,0%,7.5
horario buses puerto viejo san carlos,0,2,0%,7.5
mepe bus san jose puerto viejo,0,2,0%,7.5
puerto limon beaches,0,2,0%,7.5
saturday bus schedule,0,2,0%,7.5
bus schedules near me,0,2,0%,8
bus timetable,0,2,0%,8
puerto viejo costa rica rainy season,0,2,0%,8
rutas manzanillo horarios,0,2,0%,8
bus to manzanillo,0,2,0%,8.5
buses de mepe horario,0,2,0%,8.5
buses san jose sixaola,0,2,0%,8.5
clima en puerto viejo de talamanca,0,2,0%,8.5
como llegar a manzanillo,0,2,0%,8.5
cuál es el último bus,0,2,0%,8.5
horario de puerto,0,2,0%,8.5
ir a puerto,0,2,0%,9
playa manzanillo como llegar,0,2,0%,9
bus times,0,2,0%,9.5
cahuita san jose bus,0,2,0%,9.5
san josé costa rica como llegar,0,2,0%,9.5
talamanca costa rica indigenas,0,2,0%,9.5
"""puerto viejo"" ""playa blanca"" walk",0,2,0%,10
"puerto viejo de talamanca, costa rica",0,2,0%,10
schedule bus,0,2,0%,10
bus sixaola san jose,0,2,0%,10.5
cahuita to san jose,0,2,0%,10.5
costa rica caribbean coast best time to visit september october drier,0,2,0%,10.5
cultura talamanca,0,2,0%,10.5
horario mepe semana santa,0,2,0%,10.5
como ir a puerto viejo en bus,0,2,0%,11
cuando es verano en el caribe,0,2,0%,11
horario de buses de san josé a sixaola,0,2,0%,11
horario mepe sixaola limon,0,2,0%,11
puerto viego,0,2,0%,11
puerto viejo national park,0,2,0%,11
buses in costa rica,0,2,0%,11.5
el refugio puerto viejo,0,2,0%,11.5
horario de buses de la colonia a puerto viejo,0,2,0%,11.5
flights to puerto viejo de talamanca costa rica,0,2,0%,12
horarios de buses caribeños limón san josé,0,2,0%,12.5
puerto viej,0,2,0%,12.5
manzanillo refuge costa rica,0,2,0%,13
horario de buses por vara blanca,0,2,0%,14
horario de buses san carlos puerto viejo,0,2,0%,15
gandoca manzanillo refuge,0,2,0%,16
horario de buses puerto viejo sarapiquí san josé,0,2,0%,17.5
horarios de buses de puerto viejo a ciudad quesada,0,2,0%,19
shuttle from san jose to puerto viejo de talamanca,0,2,0%,19
casa nara,0,2,0%,19.5
como llegar a san josé,0,2,0%,21.5
horario de buses limon san jose,0,2,0%,22.5
mirador gandoca manzanillo,0,2,0%,23.5
encomiendas mepe,0,2,0%,24.5
villas del mar,0,2,0%,24.5
bus de san jose a limon,0,2,0%,27.5
roma del mar,0,2,0%,28.5
cahuita national park beach,0,2,0%,29
transporte privado de monteverde a puerto viejo cahuita limón,0,2,0%,29.5
uvita to puerto viejo,0,2,0%,30
costa rica indigenas,0,2,0%,32
how do i get from puerto princesa to san vicente?,0,2,0%,35.5
villa la mar,0,2,0%,36
talamanca costa rica,0,2,0%,37
terminal cahuita,0,2,0%,38.5
casa baula,0,2,0%,39.5
puerto viejo to la fortuna bus,0,2,0%,43
kukula lodge costa rica,0,2,0%,44
puerto viejo beaches costa rica,0,2,0%,47
costa rica talamanca,0,2,0%,48
kukula lodge,0,2,0%,48
plumeria house,0,2,0%,49
la kukula lodge costa rica,0,2,0%,49.5
indigenous people costa rica,0,2,0%,51.5
casa calala,0,2,0%,53.5
pueblo bribri,0,2,0%,56
islas brumel,0,2,0%,56.5
la kukula,0,2,0%,59.5
san jose airport to puerto viejo,0,2,0%,59.5
villa coral mondello,0,2,0%,60
bribri tribe costa rica,0,2,0%,61.5
costa rica native,0,2,0%,66
tribes costa rica,0,2,0%,74
puerto viejo costa rica to san jose airport,0,2,0%,74.5
indigenous in costa rica,0,2,0%,76.5
bus from san juan del sur to costa rica,0,2,0%,80.5
who are the indigenous people of costa rica,0,2,0%,81.5
reservala,0,2,0%,99
6:00,0,1,0%,1
aeropuerto costa rica,0,1,0%,1
aeropuerto de costa rica,0,1,0%,1
aeropuerto internacional de limón,0,1,0%,1
aeropuerto limón costa rica,0,1,0%,1
algún número para contactar,0,1,0%,1
all inclusive resorts in puerto viejo costa rica,0,1,0%,1
aque horas pasa el bus,0,1,0%,1
avis sur refugio nacional gandoca manzanillo,0,1,0%,1
best times,0,1,0%,1
bri bri indigenous reserve,0,1,0%,1
bribri culture,0,1,0%,1
bribri indigenous,0,1,0%,1
bus station near me,0,1,0%,1
bus viejo,0,1,0%,1
buses a portoviejo,0,1,0%,1
buss,0,1,0%,1
busse costa rica,0,1,0%,1
by public bus,0,1,0%,1
cabinas limon,0,1,0%,1
cacao ceremony costa rica,0,1,0%,1
cahuita national park coral reef,0,1,0%,1
cahuita national park wildlife,0,1,0%,1
cahuita to san jose bus,0,1,0%,1
calawala,0,1,0%,1
can you bring a bag,0,1,0%,1
canawala,0,1,0%,1
caribbean side of costa rica,0,1,0%,1
casa guila,0,1,0%,1
casa guilia,0,1,0%,1
como se llama el aeropuerto de san jose de costa rica,0,1,0%,1
contacto cultural,0,1,0%,1
costa rica aeropuerto,0,1,0%,1
costa rica en agosto,0,1,0%,1
costa rica en junio,0,1,0%,1
costa rica limon puerto viejo,0,1,0%,1
costa rica mejor epoca para viajar,0,1,0%,1
cruceros desde costa rica puerto limón,0,1,0%,1
cuales son los meses de verano,0,1,0%,1
cuanto se dura de limon a puerto viejo,0,1,0%,1
donde queda puerto viejo,0,1,0%,1
downtown puerto viejo costa rica,0,1,0%,1
el puerto viejo,0,1,0%,1
es en bus,0,1,0%,1
headed back,0,1,0%,1
horario buses,0,1,0%,1
horario de los buses,0,1,0%,1
house rentals near me,0,1,0%,1
iata sjo,0,1,0%,1
indigenas de talamanca costa rica,0,1,0%,1
ir a san josé,0,1,0%,1
kalawa,0,1,0%,1
liberia to puerto viejo,0,1,0%,1
limon playas,0,1,0%,1
limon villa,0,1,0%,1
limón,0,1,0%,1
mejor epoca para visitar,0,1,0%,1
monkeys in jaco costa rica,0,1,0%,1
musa blanca,0,1,0%,1
ouerto viejo,0,1,0%,1
perto viejo,0,1,0%,1
places to go on vacation,0,1,0%,1
playa chiquita limon,0,1,0%,1
playa cocles costa rica,0,1,0%,1
playa de limon,0,1,0%,1
playa de puerto viejo,0,1,0%,1
playa grande limon,0,1,0%,1
playa limon costa rica,0,1,0%,1
playa porto viejo,0,1,0%,1
playa puerto viejo costa rica,0,1,0%,1
playa puerto viejo lima,0,1,0%,1
playa puerto.viejo,0,1,0%,1
port limon costa rica,0,1,0%,1
porto seguro clima en junio,0,1,0%,1
porto viejo,0,1,0%,1
pronostico del tiempo caribe sur costa rica,0,1,0%,1
pueeto viejo,0,1,0%,1
puerto limon en costa rica,0,1,0%,1
puerto limón,0,1,0%,1
puerto uva,0,1,0%,1
puerto vi,0,1,0%,1
puerto viaje,0,1,0%,1
puerto viego costa rica,0,1,0%,1
puerto viejo all inclusive,0,1,0%,1
puerto viejo de,0,1,0%,1
puerto viejo mexico,0,1,0%,1
puerto viejo shopping,0,1,0%,1
puerto viejp,0,1,0%,1
puerto vierjo,0,1,0%,1
punta cocles costa rica,0,1,0%,1
purto viejo,0,1,0%,1
que ver en puerto viejo,0,1,0%,1
reserva cerca de mi,0,1,0%,1
ruta?,0,1,0%,1
sansa costa rica precios,0,1,0%,1
se pueden visitar,0,1,0%,1
si por favor,0,1,0%,1