Pagine principali,Clic,Impressioni,CTR,Posizione
https://www.reservaskalawala.com/bushours,459,28970,1.58%,7.24
https://www.reservaskalawala.com/bushoursES,386,52508,0.74%,7.91
https://www.reservaskalawala.com/bestTimeToVisitPuertoES,264,31975,0.83%,6.72
https://www.reservaskalawala.com/HomeES,240,1669,14.38%,3.58
https://www.reservaskalawala.com/,128,2266,5.65%,5.52
https://www.reservaskalawala.com/gettingtogandocaES,88,4253,2.07%,8.9
https://www.reservaskalawala.com/cahuitaparkwhattodo,59,3429,1.72%,10.01
https://www.reservaskalawala.com/gettingtogandoca,51,2133,2.39%,11.21
https://www.reservaskalawala.com/indigenousTravelPV,47,2289,2.05%,11.75
https://www.reservaskalawala.com/bestTimeToVisitPuerto,44,4610,0.95%,7.55
https://www.reservaskalawala.com/travellingtopuertoviejo,30,4426,0.68%,16.93
https://www.reservaskalawala.com/travellingtopuertoviejoES,23,4606,0.5%,9.04
https://www.reservaskalawala.com/indigenousTravelPVES,22,1045,2.11%,9.52
https://www.reservaskalawala.com/RanaES,19,368,5.16%,11.46
https://www.reservaskalawala.com/HomeVillas,17,965,1.76%,5.6
https://www.reservaskalawala.com/puertoHiddenGems,12,627,1.91%,10.13
https://www.reservaskalawala.com/GecoES,11,181,6.08%,7.15
https://www.reservaskalawala.com/VillaCoralES,10,502,1.99%,7.07
https://www.reservaskalawala.com/ArekaES,9,143,6.29%,7.29
https://www.reservaskalawala.com/GiuliaES,9,62,14.52%,6.24
https://www.reservaskalawala.com/VillaMarES,7,828,0.85%,7.74
https://www.reservaskalawala.com/twodaysinpuertoviejoES,6,105,5.71%,7.28
https://www.reservaskalawala.com/puertoviejobyplaneES,5,1165,0.43%,9.71
https://www.reservaskalawala.com/HomeVillasES,5,1098,0.46%,3.67
https://www.reservaskalawala.com/bestTimeToVisitPuertoES/,5,737,0.68%,7.97
https://www.reservaskalawala.com/homenam,4,141,2.84%,4.65
https://www.reservaskalawala.com/TucanoES,4,94,4.26%,7.11
https://www.reservaskalawala.com/DelfinES,4,77,5.19%,7.6
https://www.reservaskalawala.com/PlumeriaES,4,47,8.51%,5.72
https://www.reservaskalawala.com/HomeNamES,3,614,0.49%,3.12
https://www.reservaskalawala.com/TenHoursInPuerto,3,68,4.41%,8.57
https://www.reservaskalawala.com/PappagalloES,3,38,7.89%,5.71
https://www.reservaskalawala.com/GiuliaES/,3,7,42.86%,1.29
https://www.reservaskalawala.com/bushoursES/,2,361,0.55%,9.78
https://www.reservaskalawala.com/HomeNam,2,256,0.78%,4.34
https://www.reservaskalawala.com/Delfin,2,47,4.26%,4.38
https://www.reservaskalawala.com/Tucano,2,35,5.71%,8.03
https://www.reservaskalawala.com/Areka,1,70,1.43%,11.47
https://www.reservaskalawala.com/twodaysinpuertoviejo,1,68,1.47%,8.9
https://www.reservaskalawala.com/TenHoursInPuertoES,1,51,1.96%,7.1
https://www.reservaskalawala.com/HomeES/,1,43,2.33%,3.95
https://www.reservaskalawala.com/Pappagallo,1,34,2.94%,4.97
https://www.reservaskalawala.com/indigenousTravelPV/,1,17,5.88%,6.59
https://www.reservaskalawala.com/indigenousTravelPVES/,1,15,6.67%,11.93
https://www.reservaskalawala.com/puertoviejobyplaneES/,1,13,7.69%,8.08
https://www.reservaskalawala.com/RanaES/,1,11,9.09%,7.82
https://www.reservaskalawala.com/puertoviejobyplane,0,1523,0%,10.47
https://www.reservaskalawala.com/success,0,271,0%,3.51
https://www.reservaskalawala.com/bestTimePuertoViejo,0,181,0%,2.57
https://www.reservaskalawala.com/VillaCoral,0,160,0%,9.85
https://www.reservaskalawala.com/bestTimeToVisitPuerto/,0,126,0%,9.7
https://www.reservaskalawala.com/travellingtopuertoviejoES/,0,55,0%,10.71
https://www.reservaskalawala.com/Giulia,0,50,0%,3.42
https://www.reservaskalawala.com/VillaMar,0,50,0%,8.56
https://www.reservaskalawala.com/gettingtogandocaES/,0,42,0%,14.52
https://www.reservaskalawala.com/puertoviejobyplane/,0,42,0%,15.9
https://www.reservaskalawala.com/mejorEpocaPuertoViejo,0,36,0%,2.33
https://www.reservaskalawala.com/Geco,0,32,0%,8.81
https://www.reservaskalawala.com/blog/travellingtopuertoviejo,0,30,0%,4.23
https://www.reservaskalawala.com/Plumeria,0,28,0%,9
https://www.reservaskalawala.com/Rana,0,22,0%,4.91
https://www.reservaskalawala.com/#body,0,14,0%,6.5
https://www.reservaskalawala.com/#contact-us,0,14,0%,6.5
https://www.reservaskalawala.com/#portfolio,0,14,0%,6.5
https://www.reservaskalawala.com/blog/gettingtogandoca,0,13,0%,1.77
https://www.reservaskalawala.com/blog/puertoviejobyplane,0,11,0%,4.27
https://www.reservaskalawala.com/blog/twodaysinpuertoviejo,0,10,0%,4
https://www.reservaskalawala.com/blog/puertoviejobyplaneES,0,9,0%,1.78
https://www.reservaskalawala.com/HomeVillasES/,0,9,0%,3.44
https://www.reservaskalawala.com/VillaMarES/,0,7,0%,5.86
https://www.reservaskalawala.com/blog/bushours,0,5,0%,1.2
https://www.reservaskalawala.com/HomeNamES/,0,5,0%,2.6
https://www.reservaskalawala.com/VillaCoralES/,0,5,0%,10.4
https://www.reservaskalawala.com/blog/bushoursES,0,4,0%,1
https://www.reservaskalawala.com/ArekaES/,0,4,0%,4.75
https://www.reservaskalawala.com/HomeVillas/,0,4,0%,9.75
https://www.reservaskalawala.com/GecoES/,0,4,0%,11.75
https://www.reservaskalawala.com/book,0,4,0%,14.25
https://www.reservaskalawala.com/Rana/,0,3,0%,2.33
https://www.reservaskalawala.com/twodaysinpuertoviejoES/,0,3,0%,5
https://www.reservaskalawala.com/Delfin/,0,2,0%,58
https://www.reservaskalawala.com/TucanoES/,0,1,0%,6
https://www.reservaskalawala.com/Geco/,0,1,0%,7